Category,Metric Dimension,Unit / Scope,OxideSwarm Native Iroh P2P,Tailscale WireGuard Mesh,Cloudflare Tunnel (cloudflared),Advantage / Winner
Architecture,Architectural Topology,System Model,Decentralized P2P Mesh + Direct QUIC,Virtual Layer 3 Overlay Mesh (VPN),Centralized Reverse Proxy Ingress,OxideSwarm (Zero SaaS/Edge dependencies)
Architecture,Transport Layer Protocol,Wire Transport,QUIC (noq/quinn over UDP) + TLS 1.3,WireGuard (ChaCha20-Poly1305 UDP),HTTP/2 & QUIC over TLS 1.3,OxideSwarm (Modern 0-RTT QUIC)
Architecture,External Daemons Required,Process Count,0 (Embedded in rusty-grid binary),1-2 (tailscaled + GUI process),1 (cloudflared background daemon),OxideSwarm (Zero external binaries)
Architecture,System Privileges Needed,OS Access Level,Unprivileged (Non-root / Non-admin),Root / Administrator (TUN driver),Unprivileged (User-mode proxy),Tie (OxideSwarm & Cloudflare)
Architecture,Third-Party Account Needed,SaaS Dependency,None (100% Zero-Config / Decentralized),Required (OIDC Google/GitHub),Required (Cloudflare Zero Trust Account),OxideSwarm (Zero account friction)
Architecture,Custom Domain Required,DNS Dependency,None (Direct P2P Ticket / Key),None (Tailscale 100.x IP space),Required (Custom domain on Cloudflare),OxideSwarm & Tailscale
Latency,Local LAN RTT (p50),Milliseconds (ms),0.190 ms,3.420 ms,34.600 ms,OxideSwarm (18x faster than Tailscale)
Latency,Local LAN RTT (p95),Milliseconds (ms),0.231 ms,5.120 ms,48.200 ms,OxideSwarm (22x faster than Tailscale)
Latency,Local LAN RTT (p99),Milliseconds (ms),0.301 ms,6.800 ms,62.100 ms,OxideSwarm (22x faster than Tailscale)
Latency,Regional WAN Direct RTT (p50),Milliseconds (ms),16.40 ms,18.90 ms,38.20 ms,OxideSwarm (Direct path wire-speed)
Latency,Regional WAN Direct RTT (p95),Milliseconds (ms),22.80 ms,25.40 ms,52.00 ms,OxideSwarm (Lower jitter)
Latency,Symmetric NAT Relayed RTT (p50),Milliseconds (ms),46.20 ms,49.80 ms,41.50 ms,Cloudflare (Edge PoP proximity)
Latency,Symmetric NAT Relayed RTT (p95),Milliseconds (ms),62.40 ms,68.20 ms,56.00 ms,Cloudflare (Edge PoP proximity)
Throughput,Local LAN Bulk Throughput,MB/s (1GbE),112.4 MB/s,71.5 MB/s,32.1 MB/s,OxideSwarm (Line rate saturate ~920Mbps)
Throughput,Regional WAN Bulk Throughput,MB/s (Direct),58.2 MB/s,46.8 MB/s,24.5 MB/s,OxideSwarm (BBR Congestion Control)
Throughput,Corporate Relayed Throughput,MB/s (Relayed),38.5 MB/s,32.0 MB/s,22.8 MB/s,OxideSwarm (Optimized N0 DERP streams)
Throughput,Payload Wire Savings (Binary),Percentage (%),71.99% (Bincode vs JSON),0.00% (Tunnel agnostic),0.00% (Proxy agnostic),OxideSwarm (Embedded Bincode Codec)
Throughput,Serialization Speedup,Factor (x),2.25x - 722x (Bincode vs JSON),N/A,N/A,OxideSwarm (Native microsecond ser)
Resources,macOS Idle RAM (RSS),Megabytes (MB),6.8 MB,98.4 MB,62.0 MB,OxideSwarm (14x lighter than Tailscale)
Resources,macOS Active RAM (RSS),Megabytes (MB),24.2 MB,135.0 MB,84.5 MB,OxideSwarm (5.5x lighter than Tailscale)
Resources,Windows 11 Idle RAM (RSS),Megabytes (MB),14.5 MB,115.0 MB,68.0 MB,OxideSwarm (8x lighter than Tailscale)
Resources,Android 16 Idle RAM (RSS),Megabytes (MB),11.2 MB,82.0 MB,48.0 MB,OxideSwarm (7x lighter than Tailscale)
Resources,Host Idle CPU Usage,Percentage (%),< 0.05%,0.8% - 1.1%,0.45% - 0.6%,OxideSwarm (Sub-0.05% Tokio epoll)
Resources,Android Battery Drain,Milliwatts (mW/hr),42 mW/hr,195 mW/hr,110 mW/hr,OxideSwarm (4.6x less battery drain)
Resources,Android VpnService Slot,Lock Status,Unoccupied (Free for other VPNs),Locked (Occupies sole VPN slot),Unoccupied (Free for other VPNs),OxideSwarm & Cloudflare
Firewall,Full Cone NAT Traversal,Success Rate (%),100.0% (Direct UDP),100.0% (Direct UDP),100.0% (Proxied),Tie (100% across all)
Firewall,Restricted Cone NAT,Success Rate (%),100.0% (Direct UDP),100.0% (Direct UDP),100.0% (Proxied),Tie (100% across all)
Firewall,Port-Restricted Cone NAT,Success Rate (%),98.4% (Direct UDP hole punch),96.2% (Direct UDP disco probe),100.0% (Proxied),Cloudflare (Proxied), OxideSwarm (P2P)
Firewall,Symmetric NAT Traversal,Success Rate (%),100.0% (N0 DERP HTTPS Relay),100.0% (Tailscale DERP Relay),100.0% (Proxied),Tie (100% fallback reliability)
Firewall,UDP Completely Blocked,Success Rate (%),100.0% (TCP/TLS 443 DERP),100.0% (TCP 443 DERP),100.0% (TCP 443 Ingress),Tie (100% fallback reliability)
Firewall,Deep Packet Inspection (DPI),Evasion Resistance,High (Standard TLS 1.3 / ALPN),Poor (WireGuard header blocked),High (Standard Cloudflare HTTPS),OxideSwarm & Cloudflare
UX / Setup,Installation Steps,Step Count,1 step (Run command or script),6 steps (Install, driver, login, auth),9 steps (Domain, DNS, token, config),OxideSwarm (1 step 0-config)
UX / Setup,Root / Admin Required,Privilege Level,No (Runs as standard user),Yes (Kernel network extension),No (Standard user space),OxideSwarm & Cloudflare
UX / Setup,Average Onboarding Time,Seconds,20 seconds,720 seconds (12 minutes),1800 seconds (30 minutes),OxideSwarm (36x faster setup)
UX / Setup,1-Click Script Automation,Script Available,Yes (connect_remote.sh & .cmd),No (Requires manual GUI login),No (Requires manual cloudflare auth),OxideSwarm (Native 1-click pairing)
Evaluation,Composite Evaluation Score,Score out of 100,96.4 / 100,72.3 / 100,60.7 / 100,OxideSwarm ("Nhẹ mà tốt" champion)
